{
  "Hyperparameters": {
    "epochs": 5,
    "sequence_length": 64,
    "batch_size": 50,
    "learning_rate": 0.001,
    "pitch_loss_scaler": 0.05,
    "step_loss_scaler": 1.0,
    "duration_loss_scaler": 1.0,
    "vocab_size": 128,
    "file_count": 7,
    "files_offset": 500,
    "epochs_between_samples": 10,
    "samples_per_epoch": 5,
    "sample_location": 505,
    "notes_per_sample": 200,
    "sample_temprature": 2,
    "steps_per_seconds": 1,
    "normalization": 0.25
  },
  "Loss": {
    "epoch 0": {
      "pitch": 0.22376428544521332,
      "duration": 0.14333751797676086,
      "step": 0.06585279107093811
    },
    "epoch 1": {
      "pitch": 0.21567478775978088,
      "duration": 0.13923335075378418,
      "step": 0.06268805265426636
    },
    "epoch 2": {
      "pitch": 0.21238964796066284,
      "duration": 0.13369563221931458,
      "step": 0.0630757138133049
    },
    "epoch 3": {
      "pitch": 0.2102041095495224,
      "duration": 0.13271911442279816,
      "step": 0.061867084354162216
    },
    "epoch 4": {
      "pitch": 0.20772360265254974,
      "duration": 0.1302836835384369,
      "step": 0.06099331006407738
    }
  }
}