{
    "hyperparameters": {
        "Learning rate": 0.001,
        "sequence length": 50,
        "batch_size": 64,
        "Epochs": 50,
        "Number of training files": 7,
        "Number of evaluation files": 1,
        "Training offset": 50,
        "Evaluation offset": 25
    },
    "training_loss": {
        "epoch0": {
            "pitch": 0.4174996018409729,
            "dration": 0.08769737929105759,
            "step": 0.05779843404889107
        },
        "epoch1": {
            "pitch": 0.4033232629299164,
            "dration": 0.08345001190900803,
            "step": 0.055622607469558716
        },
        "epoch2": {
            "pitch": 0.39857810735702515,
            "dration": 0.08134456723928452,
            "step": 0.0539715513586998
        },
        "epoch3": {
            "pitch": 0.39742588996887207,
            "dration": 0.07961137592792511,
            "step": 0.05270165950059891
        },
        "epoch4": {
            "pitch": 0.39653751254081726,
            "dration": 0.07904816418886185,
            "step": 0.05072278901934624
        },
        "epoch5": {
            "pitch": 0.3959147334098816,
            "dration": 0.07747048884630203,
            "step": 0.05015410855412483
        },
        "epoch6": {
            "pitch": 0.3954082429409027,
            "dration": 0.07761596143245697,
            "step": 0.05000698193907738
        },
        "epoch7": {
            "pitch": 0.39497703313827515,
            "dration": 0.07682156562805176,
            "step": 0.04799475893378258
        },
        "epoch8": {
            "pitch": 0.3945472538471222,
            "dration": 0.0765966847538948,
            "step": 0.04863215982913971
        },
        "epoch9": {
            "pitch": 0.394084632396698,
            "dration": 0.07572504132986069,
            "step": 0.04673287272453308
        },
        "epoch10": {
            "pitch": 0.3937091827392578,
            "dration": 0.07530272006988525,
            "step": 0.0454622320830822
        },
        "epoch11": {
            "pitch": 0.39320141077041626,
            "dration": 0.07442491501569748,
            "step": 0.046384043991565704
        },
        "epoch12": {
            "pitch": 0.39283064007759094,
            "dration": 0.07402359694242477,
            "step": 0.04342042654752731
        },
        "epoch13": {
            "pitch": 0.3923858106136322,
            "dration": 0.07257283478975296,
            "step": 0.04461483284831047
        },
        "epoch14": {
            "pitch": 0.39176705479621887,
            "dration": 0.07173778116703033,
            "step": 0.043146420270204544
        },
        "epoch15": {
            "pitch": 0.39129626750946045,
            "dration": 0.07097559422254562,
            "step": 0.04244355112314224
        },
        "epoch16": {
            "pitch": 0.3904830515384674,
            "dration": 0.07083048671483994,
            "step": 0.04173700138926506
        },
        "epoch17": {
            "pitch": 0.3897002339363098,
            "dration": 0.07018934190273285,
            "step": 0.04103044047951698
        },
        "epoch18": {
            "pitch": 0.38881269097328186,
            "dration": 0.06888045370578766,
            "step": 0.038724932819604874
        },
        "epoch19": {
            "pitch": 0.3877979516983032,
            "dration": 0.0678873285651207,
            "step": 0.03916380554437637
        },
        "epoch20": {
            "pitch": 0.3870202302932739,
            "dration": 0.06794244050979614,
            "step": 0.03847290575504303
        },
        "epoch21": {
            "pitch": 0.3859095275402069,
            "dration": 0.06632934510707855,
            "step": 0.0359644889831543
        },
        "epoch22": {
            "pitch": 0.38486582040786743,
            "dration": 0.06605841964483261,
            "step": 0.03654230386018753
        },
        "epoch23": {
            "pitch": 0.3838469088077545,
            "dration": 0.06535789370536804,
            "step": 0.03515547141432762
        },
        "epoch24": {
            "pitch": 0.3827635645866394,
            "dration": 0.06569570302963257,
            "step": 0.03634848818182945
        },
        "epoch25": {
            "pitch": 0.3815881907939911,
            "dration": 0.06437931954860687,
            "step": 0.035036154091358185
        },
        "epoch26": {
            "pitch": 0.38051876425743103,
            "dration": 0.06313743442296982,
            "step": 0.033649373799562454
        },
        "epoch27": {
            "pitch": 0.37931132316589355,
            "dration": 0.0626695305109024,
            "step": 0.03248549625277519
        },
        "epoch28": {
            "pitch": 0.3781387209892273,
            "dration": 0.06218576431274414,
            "step": 0.03189259022474289
        },
        "epoch29": {
            "pitch": 0.3766060471534729,
            "dration": 0.06136814132332802,
            "step": 0.03166670352220535
        },
        "epoch30": {
            "pitch": 0.3754928410053253,
            "dration": 0.060135964304208755,
            "step": 0.03007161058485508
        },
        "epoch31": {
            "pitch": 0.3742101192474365,
            "dration": 0.05936364457011223,
            "step": 0.030318928882479668
        },
        "epoch32": {
            "pitch": 0.3730407655239105,
            "dration": 0.05801032856106758,
            "step": 0.02927897311747074
        },
        "epoch33": {
            "pitch": 0.3719165325164795,
            "dration": 0.05880974978208542,
            "step": 0.030922990292310715
        },
        "epoch34": {
            "pitch": 0.3709653317928314,
            "dration": 0.0567813366651535,
            "step": 0.0288750808686018
        },
        "epoch35": {
            "pitch": 0.3699796497821808,
            "dration": 0.05625168979167938,
            "step": 0.028815219178795815
        },
        "epoch36": {
            "pitch": 0.36914241313934326,
            "dration": 0.05548747628927231,
            "step": 0.02697739005088806
        },
        "epoch37": {
            "pitch": 0.3684866726398468,
            "dration": 0.055096764117479324,
            "step": 0.028010785579681396
        },
        "epoch38": {
            "pitch": 0.3673405647277832,
            "dration": 0.054638028144836426,
            "step": 0.026872020214796066
        },
        "epoch39": {
            "pitch": 0.36651861667633057,
            "dration": 0.054436832666397095,
            "step": 0.027249325066804886
        },
        "epoch40": {
            "pitch": 0.36556732654571533,
            "dration": 0.05319471284747124,
            "step": 0.02711227908730507
        },
        "epoch41": {
            "pitch": 0.36464354395866394,
            "dration": 0.052237775176763535,
            "step": 0.025832323357462883
        },
        "epoch42": {
            "pitch": 0.3640064597129822,
            "dration": 0.05208350345492363,
            "step": 0.027075421065092087
        },
        "epoch43": {
            "pitch": 0.3629491627216339,
            "dration": 0.05117574706673622,
            "step": 0.02505357749760151
        },
        "epoch44": {
            "pitch": 0.36204496026039124,
            "dration": 0.050891607999801636,
            "step": 0.02592063508927822
        },
        "epoch45": {
            "pitch": 0.36115702986717224,
            "dration": 0.04904844984412193,
            "step": 0.025123411789536476
        },
        "epoch46": {
            "pitch": 0.36017361283302307,
            "dration": 0.0498468317091465,
            "step": 0.024501098319888115
        },
        "epoch47": {
            "pitch": 0.3595907688140869,
            "dration": 0.048090916126966476,
            "step": 0.02382505312561989
        },
        "epoch48": {
            "pitch": 0.3588184118270874,
            "dration": 0.048797909170389175,